State,Sobol Index,Total Index
conductivity,0.9684163488,0.9684163488
boundary perturbance,0.3165579797,0.3365845478
well pumping,0.3945132894,0.8398369891
well location,0.2572813677,0.4264310012
recharge,0.5167676851,0.5167676851
initial head,0.943987892,0.943987892
